Symbol	MUT_sel	CN_sel	Gene
BAP1	MUT	CN	BAP1
BRAF	MUT	CN	BRAF
CCND1	MUT	CN	CCND1
CDK4	MUT	CN	CDK4
CDKN2A	MUT	CN	CDKN2A
CDKN2B	MUT	CN	CDKN2B
RAF1	MUT	CN	CRAF/RAF1
KDR	MUT	CN	KDR/VEGFR2
KIT	MUT	CN	KIT
MDM2	MUT	CN	MDM2
MITF	MUT	CN	MITF
NF1	MUT	CN	NF1
PDGFRA	MUT	CN	PDGFRA
PTEN	MUT	CN	PTEN
RB1	MUT	CN	RB1
TERT	MUT	CN	TERT
TP53	MUT	CN	TP53
ADAMTS18	MUT	NA	ADAMTS18
AKT1	MUT	NA	AKT1
AKT2	MUT	NA	AKT2
AKT3	MUT	NA	AKT3
ARID1A	MUT	NA	ARID1A
ARID1B	MUT	NA	ARID1B
ARID2	MUT	NA	ARID2
ATM	MUT	NA	ATM
B2M	MUT	NA	B2M
BCL2L12	MUT	NA	BCL2L12
CASP8	MUT	NA	CASP8
CBL	MUT	NA	CBL
CTNNB1	MUT	NA	CTNNB1
DCC	MUT	NA	DCC
DDX3X	MUT	NA	DDX3X
EIF1AX	MUT	NA	EIF1AX
EPHA3	MUT	NA	EPHA3
ERBB4	MUT	NA	ERBB4
FBXO7	MUT	NA	FBX7
GNA11	MUT	NA	GNA11
GNAQ	MUT	NA	GNAQ
GRIN2A	MUT	NA	GRIN2A
HLA-A	MUT	NA	HLA-A
HLA-B	MUT	NA	HLA-B
HLA-C	MUT	NA	HLA-C
HRAS	MUT	NA	HRAS
IDH1	MUT	NA	IDH1
KRAS	MUT	NA	KRAS
MAP2K1	MUT	NA	MAP2K1
MAP2K2	MUT	NA	MAP2K2
MAP3K5	MUT	NA	MAP3K5
MAP3K8	MUT	NA	MAP3K8/COT
MAP3K9	MUT	NA	MAP3K9
NFKBIE	MUT	NA	NFKBIE
NOTCH1	MUT	NA	NOTCH1
NRAS	MUT	NA	NRAS
PIK3CA	MUT	NA	PIK3CA
PIK3R1	MUT	NA	PIK3R1
PPP6C	MUT	NA	PPP6C
PREX2	MUT	NA	PREX2
PTPN11	MUT	NA	PTPN11
PTPRK	MUT	NA	PTPRK
RAC1	MUT	NA	RAC1
RASA2	MUT	NA	RASA2
RQCD1	MUT	NA	RQCD1
SETD2	MUT	NA	SETD2
SF3B1	MUT	NA	SF3B1
SNX31	MUT	NA	SNX31
SOS1	MUT	NA	SOS1
SOX10	MUT	NA	SOX10
SPRED1	MUT	NA	SPRED1
STK19	MUT	NA	STK19
TACC1	MUT	NA	TACC1
TRRAP	MUT	NA	TRRAP
