NAME	Cluster
TCGA-ER-A3ES-06	NPLAS
TCGA-D3-A8GL-06	NPLAS
TCGA-D3-A3ML-06	NPLAS
TCGA-YG-AA3P-06	NPLAS
TCGA-EE-A2GR-06	NPLAS
TCGA-GN-A268-06	NPLAS
TCGA-FS-A1ZZ-06	NPLAS
TCGA-GN-A8LK-06	MEL
TCGA-D3-A1QA-06	MEL
TCGA-FS-A1ZG-06	MEL
TCGA-D9-A1X3-06	NPLAS
TCGA-EE-A3AD-06	MEL
TCGA-FS-A4F0-06	NPLAS
TCGA-WE-A8ZQ-06	MES
TCGA-D9-A6EC-06	MEL
TCGA-DA-A1IA-06	MEL
TCGA-FS-A1ZY-06	NPLAS
TCGA-FS-A4F9-06	NPLAS
TCGA-3N-A9WB-06	MEL
TCGA-RP-A690-06	MEL
TCGA-D3-A8GK-06	MEL
TCGA-D3-A8GP-06	NPLAS
TCGA-EE-A17Z-06	NPLAS
TCGA-EE-A185-06	MEL
TCGA-EE-A20H-06	MES
TCGA-FS-A1ZE-06	NPLAS
TCGA-EE-A20C-06	NPLAS
TCGA-FS-A1ZK-06	MEL
TCGA-D3-A5GL-06	MEL
TCGA-FR-A7U8-06	NPLAS
TCGA-EE-A2GO-06	MES
TCGA-GN-A8LL-06	MEL
TCGA-D3-A3MO-06	MES
TCGA-DA-A95Z-06	NPLAS
TCGA-WE-A8ZM-06	MES
TCGA-FS-A1ZU-06	NPLAS
TCGA-WE-A8JZ-06	NPLAS
TCGA-FS-A4F5-06	NPLAS
TCGA-D3-A8GV-06	MEL
TCGA-D9-A6EG-06	MEL
TCGA-LH-A9QB-06	MES
TCGA-D3-A1Q5-06	MES
TCGA-EE-A3J7-06	NPLAS
TCGA-EE-A3JI-06	NPLAS
TCGA-FR-A8YD-06	MEL
TCGA-EE-A3AH-06	NPLAS
TCGA-DA-A95W-06	NPLAS
TCGA-D3-A3C6-06	NPLAS
TCGA-D9-A4Z6-06	MEL
TCGA-EE-A180-06	NPLAS
TCGA-EE-A29B-06	MEL
TCGA-EE-A29D-06	MEL
TCGA-EE-A29L-06	NPLAS
TCGA-EE-A3J8-06	MES
TCGA-FS-A1ZC-06	MES
TCGA-FS-A1ZJ-06	NPLAS
TCGA-FS-A4FB-06	NPLAS
TCGA-FW-A3I3-06	NPLAS
TCGA-GN-A262-06	NPLAS
TCGA-GN-A4U7-06	MEL
TCGA-ER-A19L-06	MES
TCGA-FS-A1Z3-06	NPLAS
TCGA-EE-A29A-06	MES
TCGA-D3-A8GC-06	MES
TCGA-ER-A19F-06	NPLAS
TCGA-RP-A695-06	MEL
TCGA-FS-A1YW-06	NPLAS
TCGA-D3-A1Q1-06	NPLAS
TCGA-W3-AA21-06	NPLAS
TCGA-D3-A8GI-06	MEL
TCGA-EE-A2MM-06	MES
TCGA-WE-A8K6-06	MES
TCGA-W3-A824-06	MEL
TCGA-EE-A29E-06	MEL
TCGA-EE-A2A5-06	NPLAS
TCGA-ER-A42K-06	MES
TCGA-EE-A2MF-06	NPLAS
