Sample	Subtype
S2097	NPLAS
S2125	MES
S2153	NPLAS
S2189	MEL
S2216	MEL
S2247	NPLAS
S2261	MES
S2279	MEL
S2320	MEL
S2330	MEL
S2333	NPLAS
S2338	MES
S2350	NPLAS
S2356	MES
S2357	MEL
S2365	NPLAS
S2373	MEL
S2374	MEL
S2379	MEL
S2380	NPLAS
S2381	NPLAS
S2391	MEL
S2392	NPLAS
S2400	MEL
S2405	MES
S2406	MEL
S2408	MEL
S2410	NPLAS
S2423	NPLAS
S2470	MES
S2495	NPLAS
S2508	MEL
S2510	MEL
S2521	MEL
S2549	NPLAS
S2583	MES
S2596	NPLAS
S2645	NPLAS
S2650	NPLAS
S2654	NPLAS
S2667	MEL
S2668	MEL
S2686	MES
S2688	MES
S2718	MEL
S2731	MES
S2734	NPLAS
S2761	MEL
S2765	MEL
S2767	NPLAS
S2770A	MES
S2800	NPLAS
S2812	NPLAS
